sourceEntityId;sourceName;countryCode;concatId;isActive;dateCreated;dateUpdated;name;eanConsumerUnit;eanDistributionUnit;code;unit;unitPrice;currency;brandCode;id;creationTimestamp
0f59e17d-3a9b-4300-955d-5d22add46073;TRADEPARTNER_WEBSHOP_TEOSOONSENG;MD;0f59e17d-3a9b-4300-955d-5d22add46073;false;20161104 05:05:58;20161202 05:05:58;factor a muri;04819256-cd50-4d10-96ee-89e7b238c3f9;b733ab5a-b985-4bf3-897d-43fc591ab7c2;1714cda5-56d5-438c-bccf-ff5b092fdad4;fiecare de asemenea;6.29;MDL;;1;1542205922011
80f41d3c-6e7e-4e51-8445-db9c27146fcb;TRADEPARTNER_WEBSHOP_TEOSOONSENG;KI;80f41d3c-6e7e-4e51-8445-db9c27146fcb;true;20170725 02:39:31;20170728 02:39:31;society yes accept;650a059f-a765-47d8-ae08-92338486cc93;4f46d0cd-a67f-4ef1-98e1-f55b602617d0;a08978ef-de9d-41f9-9b40-4be8ebc934f4;center involve resource;30.92;AUD;;2;1542205922011
43e415ba-fe79-4dde-831f-46f5be9fe578;TRADEPARTNER_WEBSHOP_TEOSOONSENG;DO;43e415ba-fe79-4dde-831f-46f5be9fe578;false;20160922 19:26:21;20161002 07:26:21;cortar;ad619d4a-6f88-4920-93f6-023b1f4f68cd;41464f1a-9b36-4c76-8763-a5f1afd29f16;a1786e08-090e-4f15-ac70-a7224e54be51;más bien borde;39.80;DOP;;3;1542205922011
cb4ea8d3-4555-4720-8afe-70316eb94aff;TRADEPARTNER_WEBSHOP_TEOSOONSENG;KZ;cb4ea8d3-4555-4720-8afe-70316eb94aff;true;20160916 19:32:53;20161007 07:32:53;қонақ үй әлеуметтік;911fb458-99d4-4a65-ba54-9ee08ad99450;c74596ba-7b3f-4f69-8e88-862abc850cb2;cc210fc7-a3a0-45bd-9a62-4c8e6f8dfa6f;мәдениет ұлы айырмашылық;6.02;KZT;;4;1542205922011
24ede6d1-305a-4207-b48f-c3ad1637eab2;TRADEPARTNER_WEBSHOP_TEOSOONSENG;TD;24ede6d1-305a-4207-b48f-c3ad1637eab2;false;20170719 02:53:02;20170726 02:53:02;système;f0fb8360-8bfa-41b6-9313-daf7d6c33f67;41ca89ef-3c46-4607-a18c-c4bb611c0582;9f020e82-fa94-424e-9451-d164820f3bff;propriétaire;0.01;XAF;;5;1542205922011
e5d00d27-19f6-4fcb-91d8-d464bdad56a7;TRADEPARTNER_WEBSHOP_TEOSOONSENG;KI;e5d00d27-19f6-4fcb-91d8-d464bdad56a7;true;20170516 18:25:52;20170603 06:25:52;word;b1692574-5399-4443-bf63-39c4cb0dcbe7;3410f41c-a566-41e9-8cde-980b1f123fd6;ced9faf3-ad0b-4abf-ab60-6e045cb44c2a;ball window;7.28;AUD;;6;1542205922011
fcd9f70e-e890-4eae-9938-a394425bf3d6;TRADEPARTNER_WEBSHOP_TEOSOONSENG;KZ;fcd9f70e-e890-4eae-9938-a394425bf3d6;false;20160305 14:34:05;20160330 02:34:05;әрекет жергілікті автокөлік;126a3026-8741-4de8-9868-e14229219231;2bb5d34e-16ff-4f4d-a786-f9a4be987e8b;ff73a14f-7aef-48aa-9dee-e9488212db73;есеп;16.03;KZT;;7;1542205922011
c2184beb-8583-46ea-82fa-4cf73f263434;TRADEPARTNER_WEBSHOP_TEOSOONSENG;BE;c2184beb-8583-46ea-82fa-4cf73f263434;true;20170207 06:53:29;20170303 06:53:29;gemeenschappelijk zoon;1c7aa186-c8ec-4cbd-b061-d608c03ebd2d;a76a28e3-af8e-4c6c-880d-6f066d7d91d2;d72db483-cd4f-482e-9e08-27f355c726e6;kanker bevatten;0.01;EUR;;8;1542205922011
286a17a1-5312-4280-8b1b-a725b791c507;TRADEPARTNER_WEBSHOP_TEOSOONSENG;HU;286a17a1-5312-4280-8b1b-a725b791c507;false;20170612 20:17:01;20170625 08:17:01;vezet;71a0bee6-d443-46be-be56-820be72d594b;d16669d0-6ea0-493e-96b2-72b55bef51a8;988e5789-c40a-44fa-81fb-d4eeda5d6f75;ajánlat;6.62;HUF;;9;1542205922011
aefea7a8-88d0-42d2-8a86-43b581c9232f;TRADEPARTNER_WEBSHOP_TEOSOONSENG;DE;aefea7a8-88d0-42d2-8a86-43b581c9232f;false;20160219 05:56:27;20160301 05:56:27;Organisation Opfer ankommen;f870a759-0e45-4f0d-9785-7321c682b8bb;fc35789c-e040-4b1d-b444-7eafb31a62b0;cfd5316e-0157-4745-a9ed-2796e5424909;Jahrhundert;37.19;EUR;;10;1542205922011
a16d57c7-6475-405d-ae6f-dbd533572889;TRADEPARTNER_WEBSHOP_TEOSOONSENG;BJ;a16d57c7-6475-405d-ae6f-dbd533572889;false;20171127 05:16:34;20171223 05:16:34;civil bats toi Ainsi;4c64a21e-ecbf-437f-96fe-5a468574d52a;ab048581-e78a-46f8-be4f-ff296d78f471;d8e37e57-5464-42c3-83ab-516c7caa8cbd;perte vivre;1.55;XOF;;11;1542205922011
7a3cf290-59a8-4d79-ae0e-4611e4707fda;TRADEPARTNER_WEBSHOP_TEOSOONSENG;MY;7a3cf290-59a8-4d79-ae0e-4611e4707fda;false;20170412 23:23:49;20170421 11:23:49;lapan;fc71ae9d-2f4a-47ad-9424-29ddd4fa2030;ad9e2d2d-9aaf-4ed7-8696-3ab65295fd42;e273895b-12a9-49b6-bae3-5b911d2cd44e;masalah ramai;22.56;MYR;;12;1542205922011
bed46bde-a792-4b6f-afd6-d60241284581;TRADEPARTNER_WEBSHOP_TEOSOONSENG;NE;bed46bde-a792-4b6f-afd6-d60241284581;false;20161106 17:59:53;20161124 05:59:53;vers;5e0399bb-99c5-4012-8b69-84de978f9689;f8c27cfb-3cb1-452b-95b6-10f9002b3cff;fdba93ee-21e4-4976-809a-334712f1c5d9;main répondre;6.63;XOF;;13;1542205922011
1ccb25b9-07c2-42ab-8d84-137c40fe9957;TRADEPARTNER_WEBSHOP_TEOSOONSENG;KI;1ccb25b9-07c2-42ab-8d84-137c40fe9957;false;20170206 17:45:50;20170227 05:45:50;peace blood force;97b67e54-86fe-48d4-b52a-6d804660ea4a;3d368a1c-bb10-4381-8042-231981a30639;2c573f6b-35cc-4760-9cb4-e62bbcf6b45b;city east;6.79;AUD;;14;1542205922011
7ba1ea69-e4b5-4ca3-ac5c-c60e4303b53b;TRADEPARTNER_WEBSHOP_TEOSOONSENG;ZM;7ba1ea69-e4b5-4ca3-ac5c-c60e4303b53b;true;20171110 14:34:30;20171202 02:34:30;bill whose agree;e828d1ef-010d-4ed6-a794-42a32552b771;10c50eed-1d79-4e66-9de2-9fda98eb1f03;6a7f35a0-caeb-49c7-b0a3-093719427794;period leg;2.08;ZMW;;15;1542205922011
8db2c414-fe6e-4cf8-8043-c3bf02d117d5;TRADEPARTNER_WEBSHOP_TEOSOONSENG;VC;8db2c414-fe6e-4cf8-8043-c3bf02d117d5;true;20160701 08:44:08;20160705 08:44:08;president;010519b3-966c-44c1-9c13-fb7c7f0bf467;dc184f53-985e-4fe2-8201-79d4aa6faeb0;58f597c2-1870-4864-b3d1-40b4870a1a13;build top;0.01;XCD;;16;1542205922011
d1eb2861-a021-4b1a-90e2-7339f2fa7e03;TRADEPARTNER_WEBSHOP_TEOSOONSENG;PE;d1eb2861-a021-4b1a-90e2-7339f2fa7e03;false;20170418 14:05:44;20170515 02:05:44;poco radio;f7c5dd00-260d-4d93-a855-950bf092c14e;9000638f-e2c7-4ea0-9a33-691f7aa43fda;7f577018-40cf-466f-9d44-ab0242506600;comprar;9.73;PEN;;17;1542205922011
a055b771-9561-4dca-ac73-c9ec8c381537;TRADEPARTNER_WEBSHOP_TEOSOONSENG;VG;a055b771-9561-4dca-ac73-c9ec8c381537;false;20170204 13:13:59;20170205 01:13:59;full very;a6bbc9a9-567e-458c-9a55-9d7227801e94;daba1bdf-43ef-4b94-897b-31736b20b68a;a88d3963-8045-46f1-ab23-c05c5a02923b;half one first;24.08;USD;;18;1542205922011
0424e9a2-e153-4a2a-ac1e-abf37d049ba8;TRADEPARTNER_WEBSHOP_TEOSOONSENG;BH;0424e9a2-e153-4a2a-ac1e-abf37d049ba8;true;20160308 07:16:14;20160331 07:16:14;سير;c906beb3-0670-4c09-a366-b6675a3d4b45;0a15ee2d-c54e-4681-baaa-c318e676dc58;127011f8-d7a8-4b30-9b7b-8ce85dbdd6e3;وراء;15.32;BHD;;19;1542205922011
2d7fbaf5-85e0-4af5-8f1d-b03c0afc415e;TRADEPARTNER_WEBSHOP_TEOSOONSENG;CM;2d7fbaf5-85e0-4af5-8f1d-b03c0afc415e;false;20160526 12:34:23;20160618 12:34:23;épaule agent;edf34d6a-8e34-4f31-b466-c5b2b1fa0764;33b0ced0-7776-409e-a723-1b3aa9dae73c;5cf258a4-bf03-4720-a7a4-837306f53393;Ouest physique presque;0.01;XAF;;20;1542205922011
7e1339e5-89d6-4db3-a2d4-91ca4e8023c1;TRADEPARTNER_WEBSHOP_TEOSOONSENG;NO;7e1339e5-89d6-4db3-a2d4-91ca4e8023c1;false;20171122 12:38:43;20171219 12:38:43;oppdrag høre;87327adf-9331-4613-baf5-3231dd9b5c4d;bdffb727-c090-47de-b3c2-e4bea8a17e21;1757358c-28cc-4e17-8b49-dd078e379068;student;4.15;NOK;;21;1542205922011
7abf8fbc-7894-4305-af46-727f2c518263;TRADEPARTNER_WEBSHOP_TEOSOONSENG;PN;7abf8fbc-7894-4305-af46-727f2c518263;true;20160206 16:11:36;20160225 04:11:36;cover;48ab450f-e84a-48fa-a66b-bf20b64bda79;e09ae59d-7f26-492e-9a72-153503471b0c;6a4daead-452e-4d2f-8d22-18fc2f9e59ab;support eye imagine;8.21;NZD;;22;1542205922011
1a90fd69-9cc2-4cf7-a5bd-9daa92b34009;TRADEPARTNER_WEBSHOP_TEOSOONSENG;LB;1a90fd69-9cc2-4cf7-a5bd-9daa92b34009;true;20160212 14:47:41;20160222 02:47:41;قليلا عميق مقاربة;e3c8d1fb-085e-44de-bee7-ade1a5c4c826;212d8f53-7cb5-4a66-8c10-9f6a69fa81ae;6ddb3d33-655d-428a-96cc-31094af832a8;قارن في حين أن;31.48;LBP;;23;1542205922011
9f55be05-ef53-46d1-ae71-9235a12dd6ce;TRADEPARTNER_WEBSHOP_TEOSOONSENG;GM;9f55be05-ef53-46d1-ae71-9235a12dd6ce;true;20160923 15:40:46;20161011 03:40:46;worry would;eb7b2e05-1b29-483b-a9d9-9b5aa6aa73fa;2e6d0f5c-1334-4f92-a34a-a39f8e1fd84f;b642600b-be2d-479e-9b38-dac52c93e1bd;impact;0.73;GMD;;24;1542205922011
27941149-d7aa-491a-ae08-1c8805299858;TRADEPARTNER_WEBSHOP_TEOSOONSENG;PN;27941149-d7aa-491a-ae08-1c8805299858;false;20170521 00:16:19;20170610 12:16:19;media some;ae560ec7-c229-4df0-8f9a-36b9b2afdd4e;9854cef8-86a8-40cb-b503-d6896cee97c0;f57b351e-544f-4782-bed3-ce9d650fb989;than;11.38;NZD;;25;1542205922011
c53a146b-d580-4e94-946f-5548efb77d80;TRADEPARTNER_WEBSHOP_TEOSOONSENG;NL;c53a146b-d580-4e94-946f-5548efb77d80;true;20170315 18:44:43;20170403 06:44:43;leren controleren;6e24af86-466b-45e9-8a8a-3c47580fd1e1;90472f09-9096-44c5-a922-1033107bff23;85e9f5ab-610f-47df-9a65-8bdbf5598ed7;lichaam;10.75;EUR;;26;1542205922011
d4d6196f-cc11-4baf-9c7d-b1d9c0d78ba4;TRADEPARTNER_WEBSHOP_TEOSOONSENG;JO;d4d6196f-cc11-4baf-9c7d-b1d9c0d78ba4;false;20171118 14:23:39;20171205 02:23:39;غني;dd2407fd-37dd-4500-a891-4607956537d3;e657074f-6e8b-4146-83f3-e64558a2c2f7;f01a23bb-d822-4c17-8ebf-481cc408f46d;جنرال لواء;2.46;JOD;;27;1542205922011
254602ae-d2c6-48f9-93c2-d8722f068067;TRADEPARTNER_WEBSHOP_TEOSOONSENG;FI;254602ae-d2c6-48f9-93c2-d8722f068067;false;20160203 00:43:00;20160204 12:43:00;tiedemies amerikkalainen;f73d8b49-1ee5-486f-aee1-7617ed045b11;2ca4826d-8341-44c6-972c-9466a6a93653;bf4ef0c5-55e7-4154-a01e-edcb47376782;kuusi paperi;6.92;EUR;;28;1542205922011
ac448c68-c4b4-4b1e-92f8-24f917db9aac;TRADEPARTNER_WEBSHOP_TEOSOONSENG;LU;ac448c68-c4b4-4b1e-92f8-24f917db9aac;true;20171107 14:30:24;20171201 02:30:24;schwiereg fest dobaussen;ebd8c504-3df2-4a36-84a0-0bc136aff68d;20d0afc0-f422-47e2-9a62-274886aaa682;b947e8c9-a48f-463e-88b4-a8f429d2ae9d;Geriicht;7.51;EUR;;29;1542205922011
8c9cf338-0d7b-473f-8d68-732b2e1cd6fc;TRADEPARTNER_WEBSHOP_TEOSOONSENG;LS;8c9cf338-0d7b-473f-8d68-732b2e1cd6fc;true;20161115 17:57:58;20161129 05:57:58;recently hand say;9b3ac250-a0fa-4ee7-b9c6-1587176d529f;62182b27-1d9f-44f0-baab-a6843de0b474;ec58c0d6-299a-46c8-993f-5db3f830430d;tough;23.12;LSL;;30;1542205922011
c9f58597-d4b4-4743-b7a7-6fa26accd6a1;TRADEPARTNER_WEBSHOP_TEOSOONSENG;AD;c9f58597-d4b4-4743-b7a7-6fa26accd6a1;false;20160704 00:25:19;20160720 12:25:19;ajuda tots dos;379c6aa5-9bff-4f28-b9aa-d74aaae81e28;cfc816c3-f95f-422b-bd96-9414438db862;b5ea0a52-0275-4039-a3da-83035eaba0cd;milions;3.98;EUR;;31;1542205922011
54f3e40c-5ccd-4d80-ae26-b1e9c13cfb74;TRADEPARTNER_WEBSHOP_TEOSOONSENG;UZ;54f3e40c-5ccd-4d80-ae26-b1e9c13cfb74;false;20160526 16:40:06;20160604 04:40:06;o&#39;ylab ko&#39;ring mas&#39;uliyat shifoxona;ef29e1df-067e-494a-b143-7f568c73f3a3;8878faaa-6a13-4b0d-970d-6975f27bf557;54a6f1ea-4ff6-4542-88ca-5832a737857d;manzili yoki zarar;32;1542205922011
b134c23e-077f-46f5-bcf4-24dcc38f3827;TRADEPARTNER_WEBSHOP_TEOSOONSENG;ET;b134c23e-077f-46f5-bcf4-24dcc38f3827;false;20160324 23:54:15;20160414 11:54:15;ቅርብ ውሂብ;5c55e6af-ec2a-4316-8051-11ad9d5f2038;683a5601-7e8a-493c-8583-a7065479eec8;95ca58bd-27ee-47dc-9684-52ed060ae893;ሙከራ ማሽን;8.64;ETB;;33;1542205922011
f916b9c1-b29a-4856-92f1-6e36fe73279e;TRADEPARTNER_WEBSHOP_TEOSOONSENG;GT;f916b9c1-b29a-4856-92f1-6e36fe73279e;false;20160725 04:25:48;20160728 04:25:48;más bien mucho responsabilidad;30fae4cf-4ad5-4b6c-9019-0f392f4c9d4c;29d9c318-3204-465d-8930-2364ceb3bd8e;aa5fc4e3-919a-4715-b05e-f8fba9ce5372;especialmente programa efecto;3.41;GTQ;;34;1542205922011
e0041f43-f1c4-425c-93f0-0b091aec0495;TRADEPARTNER_WEBSHOP_TEOSOONSENG;CA;e0041f43-f1c4-425c-93f0-0b091aec0495;false;20171010 16:45:52;20171022 04:45:52;article;e0f02fbc-1dc0-4af9-af9b-1aa4172f3500;b663ac44-e58b-4e4c-a75c-91d7bb306c3a;f8f1429c-81cf-4a5a-8e52-861eaacdc3b8;human;2.57;CAD;;35;1542205922011
cf6bc656-352e-4390-8e87-814049a5dd39;TRADEPARTNER_WEBSHOP_TEOSOONSENG;UZ;cf6bc656-352e-4390-8e87-814049a5dd39;false;20170426 18:22:12;20170509 06:22:12;maqola qo&#39;yilgan;899c5ed4-0a8f-43a4-b438-60ab70ffe1fd;4d61684d-8553-46ab-b67b-0b9e93907cef;580bc085-0c02-4e38-8dc2-8974f6da6462;kulmoq tadqiqot;0.91;UZS;36;1542205922011
2166aa11-cedb-43eb-bf8d-c2c4b704cd58;TRADEPARTNER_WEBSHOP_TEOSOONSENG;CD;2166aa11-cedb-43eb-bf8d-c2c4b704cd58;true;20160424 07:21:31;20160522 07:21:31;population dont devant;b463e454-6815-4b47-a4fd-0b95ef3837c1;8415c70c-3396-4242-ad57-39d4ac58c05a;bdb6f0dd-ee2d-4bb5-9ee9-6e1ac8c78087;environnement dure;10.24;CDF;;37;1542205922011
6f0ce9eb-3811-4cfd-8bec-9e3f15848c92;TRADEPARTNER_WEBSHOP_TEOSOONSENG;BD;6f0ce9eb-3811-4cfd-8bec-9e3f15848c92;false;20160319 19:18:09;20160405 07:18:09;সম্মেলন;66d574ce-a1a0-4136-9da7-bad43f57b7ed;66c4bb05-c9e3-4e92-8d39-f5e6e70ec122;0df5e800-1508-476e-aac3-7a8e8662aa10;রাস্তা হৃদয়;6.76;BDT;;38;1542205922011
d814f00d-126a-4643-885d-869a50059056;TRADEPARTNER_WEBSHOP_TEOSOONSENG;RS;d814f00d-126a-4643-885d-869a50059056;false;20170520 04:48:03;20170612 04:48:03;како део еколошки;17b17823-7ec4-41d8-b69c-81b77db30baa;076c034a-f12b-4eb6-8212-7c70ade3ce57;c56cc88b-50ff-43bd-8a4c-898799c3dde7;исти;5.43;RSD;;39;1542205922011
a94abbf6-6bd7-42f9-9b2e-8e69f8542465;TRADEPARTNER_WEBSHOP_TEOSOONSENG;PK;a94abbf6-6bd7-42f9-9b2e-8e69f8542465;false;20160918 17:37:57;20160927 05:37:57;بین اقوامی محفوظ مردہ;f7ea801e-52a8-4201-8e43-b7c6e7cb145d;5f90890a-d866-4943-8c30-f98750f7f695;695cb13c-9ed6-431d-85bf-729deaf14e8e;شکست البتہ سردی;7.97;PKR;;40;1542205922011
0ea39bc1-93e8-40e1-bc8a-e9176f53d2db;TRADEPARTNER_WEBSHOP_TEOSOONSENG;TD;0ea39bc1-93e8-40e1-bc8a-e9176f53d2db;false;20170912 15:26:16;20171010 03:26:16;avant discussion;a2044bd4-eb5e-4749-a71d-578087424e48;4cd71467-27c0-486d-8a26-c694568af652;f75d16e5-0386-40f8-a610-ee50866e5978;loin Congrès;2.03;XAF;;41;1542205922011
287c3d31-8b44-479a-a7e2-b9d42c0d84aa;TRADEPARTNER_WEBSHOP_TEOSOONSENG;CZ;287c3d31-8b44-479a-a7e2-b9d42c0d84aa;true;20170224 14:19:08;20170323 02:19:08;udělat strávit;db98b4ba-fb4c-4248-bc0c-23e6e695d892;be51648b-c351-4e86-97d5-e348f0a6b480;d8d4a8ea-fce2-4a4d-b38e-7256bf7e5f21;existovat studie;23.98;CZK;;42;1542205922011
85531b1a-382c-4150-930b-7b72d0f53773;TRADEPARTNER_WEBSHOP_TEOSOONSENG;CA;85531b1a-382c-4150-930b-7b72d0f53773;true;20170520 04:23:08;20170521 04:23:08;stop lead foot;f7102a39-144a-48fd-a730-ecbf7477000d;2c1da261-0a77-494d-bfbf-88d29dfa6ea4;97a17a09-6690-4457-a89d-cc909fa0a47e;dinner;32.27;CAD;;43;1542205922011
1b030280-4440-4476-9f4e-27f6a87ef653;TRADEPARTNER_WEBSHOP_TEOSOONSENG;GB;1b030280-4440-4476-9f4e-27f6a87ef653;true;20160522 11:50:04;20160526 11:50:04;firm before image;30027c2f-fff0-472a-8638-3b32f54d4032;14d929e6-ad09-4f73-8738-332ea5dff174;e41c2fa3-8803-43b5-a6b4-051c9b0c9083;act;21.13;GBP;;44;1542205922011
26c64bea-6906-4f4b-bb0f-18ad954280c6;TRADEPARTNER_WEBSHOP_TEOSOONSENG;MD;26c64bea-6906-4f4b-bb0f-18ad954280c6;true;20171026 18:55:21;20171115 06:55:21;ziar Trage;cf00b8c6-7e51-40f4-bc1e-3e4de796ce9e;6edc821f-4254-4e23-86f9-b8e9dfa98bd4;e562a56c-6ca8-4e0d-8c4f-fd5521b6bc31;acest astă seară trece;8.63;MDL;;45;1542205922011
c46bfd3d-3aa3-46dd-8bd9-a556661ed7d8;TRADEPARTNER_WEBSHOP_TEOSOONSENG;EE;c46bfd3d-3aa3-46dd-8bd9-a556661ed7d8;true;20170926 19:57:33;20171013 07:57:33;kogu aeg kindel leia;5d9fa7fa-dbf5-4ff9-8fd8-2233728d5b45;84eda25f-649e-495f-bfbf-dfa57c27c691;cee7b6e2-f655-4ef6-9d10-9b574cb49249;üle andma mitte kunagi rahvusvaheline;21.63;EUR;;46;1542205922011
2589a48a-8206-4535-a2b6-5c2d54986927;TRADEPARTNER_WEBSHOP_TEOSOONSENG;FK;2589a48a-8206-4535-a2b6-5c2d54986927;false;20171024 15:01:25;20171106 03:01:25;pattern amount;043786b6-4306-46ec-9c6f-4cbb036009e2;dd24fb3e-fcf6-4698-952e-188e7a794973;33177609-392c-4c7d-901e-68463d2321d7;somebody garden;25.43;USD;;47;1542205922011
70d8a55b-2fd1-476b-a98f-3494cfd672f5;TRADEPARTNER_WEBSHOP_TEOSOONSENG;SN;70d8a55b-2fd1-476b-a98f-3494cfd672f5;true;20161005 12:12:37;20161103 12:12:37;celles-ci revenir;ffd27173-bc5a-4a04-8896-01f96ccaf5ad;5a454ba7-dee0-43a7-ab2e-fad1ce5dc3c7;7e2d4bed-acc2-47a2-b861-0a5024a60255;surface radio civil;10.87;XOF;;48;1542205922011
0a9d154c-7817-403a-b43f-689a93a0a7ec;TRADEPARTNER_WEBSHOP_TEOSOONSENG;AL;0a9d154c-7817-403a-b43f-689a93a0a7ec;false;20161110 17:46:04;20161116 05:46:04;pamje në fillim pacient;09a8dc08-d9bd-4f9b-b9ae-f7d99e3dc743;273b8ba0-9541-468d-bd83-da4eb82fb849;6dbd8b25-c80c-413e-afb4-fa30fc241cd1;i vetëm kujdes të jetë;0.01;ALL;;49;1542205922011
d7e1e2d2-324c-41da-99b2-15b91a94e528;TRADEPARTNER_WEBSHOP_TEOSOONSENG;MW;d7e1e2d2-324c-41da-99b2-15b91a94e528;false;20160303 15:07:17;20160308 03:07:17;red;3af34853-173c-47fc-b6a9-0cd8cda315db;1eef8f8a-ea2f-41b9-a462-69674812939f;a4c59dc1-804b-4d56-932d-2c0c2832d4ba;ever patient;11.47;MWK;;50;1542205922011
54710ed8-39f9-458a-a8b1-2ac18fdd08e0;TRADEPARTNER_WEBSHOP_TEOSOONSENG;GT;54710ed8-39f9-458a-a8b1-2ac18fdd08e0;false;20171216 17:02:04;20171225 05:02:04;nación guerra papel;1092ce3c-7838-4d6f-982e-fb09199865d3;73cde06f-fde1-4091-8855-20f44d0c460b;24c457e6-9277-4ecc-9617-a060d0481772;comparar;32.84;GTQ;;51;1542205922011
a4848607-27f1-4f4e-ac43-4fee3f288f18;TRADEPARTNER_WEBSHOP_TEOSOONSENG;VE;a4848607-27f1-4f4e-ac43-4fee3f288f18;false;20160117 05:17:01;20160119 05:17:01;deseo cuerpo;0ad7a2cd-9b8c-48fc-9b04-a2c090c6d225;c86e1204-1740-41c3-b3a3-3ee727ae6659;bbd6aedb-0c92-42f1-9916-5f02e16a0be9;fuerte;5.57;VEF;;52;1542205922011
f1d106db-fe24-432a-9171-eca2bcf024b2;TRADEPARTNER_WEBSHOP_TEOSOONSENG;BS;f1d106db-fe24-432a-9171-eca2bcf024b2;false;20170316 00:36:00;20170330 12:36:00;entire country why;181ba2ed-9b81-4976-a4ee-da55c72653a4;3645d390-4524-431e-9bb8-1a23f46218b1;6854a750-b4bb-4c91-a3b1-c891e2343922;on represent arm;6.27;BSD;;53;1542205922011
6d5ee786-063c-4f49-9c19-7dc5f2e9aa65;TRADEPARTNER_WEBSHOP_TEOSOONSENG;MR;6d5ee786-063c-4f49-9c19-7dc5f2e9aa65;false;20170617 23:35:42;20170712 11:35:42;أمريكي نعم فعلا;4e4e35de-fdab-41c7-99cf-8b3d6bf27d2a;e3b08c90-55d0-42af-8663-a41470eb9012;ff1ab06e-7838-4187-adee-5c65b1f4381d;شرح النظام الفندق;1.22;MRO;;54;1542205922011
9970d6db-2554-4d1a-9a77-06a34d44bd50;TRADEPARTNER_WEBSHOP_TEOSOONSENG;CC;9970d6db-2554-4d1a-9a77-06a34d44bd50;false;20160107 15:49:21;20160205 03:49:21;nor theory;affdad51-be8e-4660-9413-ab79356ba914;9e7fb77f-f794-4aea-b27e-c232c19c4445;236a79df-9192-4cd2-928d-292a5b32fc15;assume popular drop;4.20;AUD;;55;1542205922011
4e8138f6-b724-48c8-a187-6a03e5f514f7;TRADEPARTNER_WEBSHOP_TEOSOONSENG;TG;4e8138f6-b724-48c8-a187-6a03e5f514f7;false;20171218 17:55:05;20180115 05:55:05;signe pouvez nation;daa79324-cb62-4a29-8cf5-633e5c7c6dfc;f84c8a96-b59a-4834-9ea4-2598af5df603;be00a599-995d-4b4c-9599-7913fcbb4a06;cheveux avoir joli;3.66;XOF;;56;1542205922011
59ff0b04-4115-489a-a6ac-ba4e2e0f33d4;TRADEPARTNER_WEBSHOP_TEOSOONSENG;OM;59ff0b04-4115-489a-a6ac-ba4e2e0f33d4;false;20160301 01:11:44;20160308 01:11:44;نار ميت;b95821dc-8b70-4aaa-88b4-7472050f90e7;32be8350-7a67-4659-a1ea-32d44695c8a3;66988209-1c8a-48c8-ac23-392eb9fd9649;أزرق مساعدة يكون;0.01;OMR;;57;1542205922011
3d1066cf-fdd9-449e-8ff1-de7518a4dcf0;TRADEPARTNER_WEBSHOP_TEOSOONSENG;TZ;3d1066cf-fdd9-449e-8ff1-de7518a4dcf0;true;20160315 06:41:44;20160408 06:41:44;furaha data;fbbf8df1-9f61-4c90-9261-732466b637b4;b7a78be4-a2f1-4a33-964e-3f421c33edae;407c087e-4b05-4728-8daa-c19749d17716;ndoto;15.67;TZS;;58;1542205922011
aab82797-b8ab-4e88-b73d-ce3af172c252;TRADEPARTNER_WEBSHOP_TEOSOONSENG;PF;aab82797-b8ab-4e88-b73d-ce3af172c252;false;20170916 17:43:10;20171005 05:43:10;perdre;750e5f90-16fb-4526-b9ce-d248b0fd2c52;acce06d0-c014-4059-967a-82b2bd964f0f;8a158767-0a7b-4db7-beb1-1aa53fa8897f;moderne se soucier comportement;13.57;XPF;;59;1542205922011
aef75f0f-cbf1-42ee-9730-ef2cc3b5e49e;TRADEPARTNER_WEBSHOP_TEOSOONSENG;FJ;aef75f0f-cbf1-42ee-9730-ef2cc3b5e49e;true;20170522 02:13:40;20170526 02:13:40;shoulder;ea87eab7-d635-420b-b296-e480267cf738;b58a329e-5b27-40c7-b0e8-1b4e25892733;9c276b84-fc83-462b-98f4-734a335f3079;say recent;0.74;FJD;;60;1542205922011
aa060e32-b727-476f-bd4c-e562f01fa38e;TRADEPARTNER_WEBSHOP_TEOSOONSENG;TR;aa060e32-b727-476f-bd4c-e562f01fa38e;false;20160614 18:22:30;20160628 06:22:30;öncülük etmek baba benim;a0c03bad-c4f6-439c-bc17-1160e1fd9573;a991e633-abee-4562-94e7-3e62a155a389;be60d3f8-be76-4aa0-970b-67cf4b6de2f6;birlikte kız kardeş konferans;25.53;TRY;;61;1542205922011
4fd2dfef-c384-401d-a05a-27f7385628e5;TRADEPARTNER_WEBSHOP_TEOSOONSENG;YT;4fd2dfef-c384-401d-a05a-27f7385628e5;true;20170206 11:42:46;20170228 11:42:46;identifier douleur;5ff153d0-3c4d-4843-b700-772d867910fa;f613fa05-7df0-4c48-8fcb-1e1179011921;ef84aec2-8cd2-493d-832e-dab00e9f3fd7;du son;10.91;EUR;;62;1542205922011
99ec5cd7-bc96-4db9-a524-3ca6078f6908;TRADEPARTNER_WEBSHOP_TEOSOONSENG;TH;99ec5cd7-bc96-4db9-a524-3ca6078f6908;false;20170305 07:20:47;20170321 07:20:47;สูญเสีย วัด;62403636-b164-43f7-909a-c71482f1e4ab;9ac916fe-fe75-491f-b775-597ef1217ff8;a51168a1-91ea-4fd0-b14f-a90f8051a3d1;อาชีพ;14.35;THB;;63;1542205922011
1cf49717-8d46-4112-b1b8-0347c0af036a;TRADEPARTNER_WEBSHOP_TEOSOONSENG;ET;1cf49717-8d46-4112-b1b8-0347c0af036a;false;20160705 09:20:44;20160721 09:20:44;አመት ፎቶ ጨርስ;7c98c808-4664-4465-a95e-6055dad6de8f;c2bded97-a056-485d-a96a-814eee7aff89;5ea2eee4-3815-4ece-8fdf-e0550b21ef8d;ስብሰባ በታች;7.39;ETB;;64;1542205922011
076081b9-3252-4b88-9a24-c42a3591b2f2;TRADEPARTNER_WEBSHOP_TEOSOONSENG;YT;076081b9-3252-4b88-9a24-c42a3591b2f2;true;20170107 22:15:05;20170202 10:15:05;programme;f1702278-be30-4c9e-ac79-6b424a58afe3;6914d03c-b586-4f1d-896d-568f96e333ca;2d4cdf31-7dbb-4eaa-a147-7699d7c7dbad;période certains;26.06;EUR;;65;1542205922011
43ebfcf9-2a2f-4b45-b108-be4d0808cafc;TRADEPARTNER_WEBSHOP_TEOSOONSENG;BM;43ebfcf9-2a2f-4b45-b108-be4d0808cafc;false;20170609 16:14:52;20170612 04:14:52;rather meeting over;022da45c-4a88-47aa-b122-07b91faf722a;53f08117-8b16-49c3-ba5f-ca02800a9ee5;4c419b08-e584-455f-92a8-f7ba49966fd5;father;10.79;BMD;;66;1542205922011
6696e15d-1aa0-4e17-9426-d758e38dfd0e;TRADEPARTNER_WEBSHOP_TEOSOONSENG;CM;6696e15d-1aa0-4e17-9426-d758e38dfd0e;false;20171112 02:46:01;20171119 02:46:01;entre réal mouche;f393e431-daba-4dcc-8558-a0840bc69387;99fc976f-2c4e-405f-b5c0-dcb8f999e3aa;d446061e-f99d-4bb6-a414-c77c71c4bdd6;comprenant;0.01;XAF;;67;1542205922011
ced76230-f880-4a44-845f-0e102aba0179;TRADEPARTNER_WEBSHOP_TEOSOONSENG;GD;ced76230-f880-4a44-845f-0e102aba0179;true;20170517 09:30:30;20170614 09:30:30;environmental leg energy;66c7117f-cd62-4698-96ab-0f233c00548a;092f400f-6416-4ffa-a914-f60730953771;6c103959-ed9a-4f75-a71b-dd62578d8d1c;listen allow air;15.88;XCD;;68;1542205922011
2ccb556c-fdcc-4091-afd5-b3e3f5376f76;TRADEPARTNER_WEBSHOP_TEOSOONSENG;ET;2ccb556c-fdcc-4091-afd5-b3e3f5376f76;true;20160206 01:35:24;20160221 01:35:24;ትምህርት ቤት ዘይት;c16fb9cc-efe0-4214-8da7-edd451871228;1475bab1-8fd1-43c4-90d2-fca32cdfef59;79c67000-e302-498b-bdb4-7986626338fd;ፍተሻ ዘር;7.44;ETB;;69;1542205922011
b89b2914-054d-448d-9277-98a6dc547b57;TRADEPARTNER_WEBSHOP_TEOSOONSENG;BW;b89b2914-054d-448d-9277-98a6dc547b57;true;20160202 22:29:33;20160220 10:29:33;well trade attack;210a8f3a-5ddf-4773-badf-b9226ca9d333;0256ca38-f6f2-4df7-a16c-e73a13d329f5;7d42304d-8aea-4000-8ca1-b81873e36184;part;6.29;BWP;;70;1542205922011
0c82e8ee-9c3a-4b8d-836d-5157f3e9d0b9;TRADEPARTNER_WEBSHOP_TEOSOONSENG;CN;0c82e8ee-9c3a-4b8d-836d-5157f3e9d0b9;false;20170925 03:39:21;20171018 03:39:21;十億 怎麼樣;dc4d8671-3209-459a-b350-7613e43bbbac;0286d77c-8d5c-403a-93a0-6968da02f2f4;62a0921d-8219-4a0e-97c9-e5e34ad0e607;路 可得到;0.39;CNY;;71;1542205922011
fa548825-683a-4c34-bb66-7ace397b7631;TRADEPARTNER_WEBSHOP_TEOSOONSENG;KY;fa548825-683a-4c34-bb66-7ace397b7631;false;20171208 22:36:40;20171228 10:36:40;seat;7b048baa-c73e-443d-89d9-fde0cbf80b46;6f374cf3-7c8b-441b-9cd3-26e05d488082;ef49d4dc-6536-4913-9a2b-6852bcfa86eb;though action;0.60;KYD;;72;1542205922011
621b8ba0-f8b3-4ec9-ae22-e9ddd3d511a2;TRADEPARTNER_WEBSHOP_TEOSOONSENG;FK;621b8ba0-f8b3-4ec9-ae22-e9ddd3d511a2;true;20170723 18:37:52;20170815 06:37:52;year low;82f5bb10-0e4c-4d1f-b07e-a1204b976102;fa4cc50f-44d9-4292-beb7-fa341b258135;9056f4cc-5435-4d5a-8d84-9f050f8ba785;heart;9.15;USD;;73;1542205922011
edec99db-10a5-4c63-8de2-b317f3643fb4;TRADEPARTNER_WEBSHOP_TEOSOONSENG;BM;edec99db-10a5-4c63-8de2-b317f3643fb4;true;20170115 19:13:36;20170206 07:13:36;beat;0a747c71-ee82-4102-99e3-886638980114;ba8a84bc-d300-4696-a931-55e366f633cb;e7979705-1311-4651-9c53-08caae9238d8;model realize response;13.26;BMD;;74;1542205922011
cb6bba07-1a64-4636-a066-72c3fb1c7955;TRADEPARTNER_WEBSHOP_TEOSOONSENG;NP;cb6bba07-1a64-4636-a066-72c3fb1c7955;true;20170821 08:59:14;20170904 08:59:14;मध्य न त;0408f705-cff5-4ea3-8359-464de7240d5a;4977c35d-72ba-4d40-a45c-3cadc24b9fd9;c2699930-4571-4cd1-adbd-c59fd920c658;महसुस गर्दै खानुहोस् बन्द;20.38;NPR;;75;1542205922011
c482d479-d508-45eb-a897-d46192b257f0;TRADEPARTNER_WEBSHOP_TEOSOONSENG;CI;c482d479-d508-45eb-a897-d46192b257f0;true;20160210 08:26:35;20160220 08:26:35;famille écrivain;ee6dbe2e-a51d-4423-9a09-7e67587b4832;889d62e4-47fb-4b82-b25a-90851414cf54;1738a728-4ac3-41cf-939e-849ff56c935c;débat;10.42;XOF;;76;1542205922011
ce7930d3-a1cb-4db4-86d6-d24a306c79e6;TRADEPARTNER_WEBSHOP_TEOSOONSENG;IR;ce7930d3-a1cb-4db4-86d6-d24a306c79e6;true;20170924 04:42:36;20170924 04:42:36;برو;438050c0-4506-45eb-b96e-c3e7afa226d3;d5a5b190-b03b-4cf2-b46b-60229e333376;97102ce6-dfa0-4607-9468-f1b12efaf5ed;دکتر پسندیدن ايجاد كردن;1.54;IRR;;77;1542205922011
26269f25-45ff-428e-97e7-a9cde97e10d2;TRADEPARTNER_WEBSHOP_TEOSOONSENG;MC;26269f25-45ff-428e-97e7-a9cde97e10d2;true;20160217 04:00:43;20160304 04:00:43;couverture;2e112490-128b-4c6e-9415-37d59a31f6fd;e9fd277e-c4fa-4cd2-9ea2-26331635ae67;a71d127f-3fbb-4e58-9dad-5b6ba5b39472;car gare quatre;10.94;EUR;;78;1542205922011
d824e4e8-3e88-4f25-9290-a8ad3a42fa02;TRADEPARTNER_WEBSHOP_TEOSOONSENG;TN;d824e4e8-3e88-4f25-9290-a8ad3a42fa02;false;20160305 16:59:24;20160331 04:59:24;استمر;e69d9b0b-7f79-4255-a5c6-76f565117826;12f84887-dbb4-423e-8e61-2d45cc20180a;61d5b906-a905-405e-83fc-eed2231080d4;إيقاف الحار;16.47;TND;;79;1542205922011
e5b1eaf4-33af-4295-ac7f-e360fc32a2dd;TRADEPARTNER_WEBSHOP_TEOSOONSENG;RU;e5b1eaf4-33af-4295-ac7f-e360fc32a2dd;true;20161124 06:03:28;20161130 06:03:28;врач;62aceb80-2bf8-4819-9ab5-e5016acea4d2;8bcec58e-aeda-438f-b2f3-c84f30b39b4a;b6e51e36-cb83-48f0-b5f2-f78fbc034a4e;5 все еще время года;13.98;RUB;;80;1542205922011
5979c52a-36e1-4034-8af4-7945d85000c8;TRADEPARTNER_WEBSHOP_TEOSOONSENG;MG;5979c52a-36e1-4034-8af4-7945d85000c8;false;20170401 10:43:18;20170408 10:43:18;angovo Fanamarihana antony;caca7b4c-76d0-4d4a-b3a0-280973f748cc;6ac8dc24-78f8-43d8-8b4e-253669ba1fca;7f70c059-d5c1-4965-a041-dfe9be632896;manandrana;4.46;MGA;;81;1542205922011
c94b411e-d4d5-42d2-aa7a-76d6e40e71bf;TRADEPARTNER_WEBSHOP_TEOSOONSENG;MZ;c94b411e-d4d5-42d2-aa7a-76d6e40e71bf;true;20170427 12:07:23;20170526 12:07:23;provar;7012d086-e41a-499c-8182-8962878047fd;4612d524-19c2-46a0-833c-afe2043ab8d4;aefbe63d-2c6f-4a10-bbea-42dd5c1c51aa;indicar;11.33;MZN;;82;1542205922011
e31ac03a-29b4-4b15-893b-cdb07f56ce35;TRADEPARTNER_WEBSHOP_TEOSOONSENG;ES;e31ac03a-29b4-4b15-893b-cdb07f56ce35;false;20170114 00:24:27;20170203 12:24:27;con rapidez;5dc79058-fdb9-4dbe-b857-702d54beaf55;8f8dfdfa-303c-4b18-9da6-d9672cef60f6;3f5cce28-d640-480c-8b0f-6c21b77d30a1;comprobar artículo;16.24;EUR;;83;1542205922011
c4e1c647-be61-42d9-9f4e-a7d56a646966;TRADEPARTNER_WEBSHOP_TEOSOONSENG;SC;c4e1c647-be61-42d9-9f4e-a7d56a646966;true;20170115 19:11:06;20170116 07:11:06;chance récemment condition;739e61c0-b77c-43c2-ba1a-44a95b842c06;b121f1fb-743a-4278-a1ef-76d234f71331;9d518a1e-54d1-42d4-84a4-217e426b7183;battre deux légal;9.64;SCR;;84;1542205922011
74f9c0d7-4ba4-414b-845f-97640f1c1c97;TRADEPARTNER_WEBSHOP_TEOSOONSENG;BY;74f9c0d7-4ba4-414b-845f-97640f1c1c97;false;20171025 06:00:42;20171110 06:00:42;жанчына;76f49e2e-5935-45f6-9c6d-c847177d9de7;7e67f72f-8c25-4aba-823e-9bddabe8636d;cb984219-ce41-419d-a6ed-c7c55acf31b2;дыяпазон тэлефон член;0.97;BYN;;85;1542205922011
8079d728-4c7c-4203-8181-5b0bad605694;TRADEPARTNER_WEBSHOP_TEOSOONSENG;UY;8079d728-4c7c-4203-8181-5b0bad605694;true;20160507 20:30:50;20160509 08:30:50;desarrollar rock enviar;2dd53c2c-1a34-4031-9e09-04adc53a40a2;4f5afc2c-5587-4451-baeb-1b0bae6ac720;dd11a0b1-c860-4d51-9d83-02ac8d195815;estrategia disparar caso;10.13;UYU;;86;1542205922011
655cfe46-c0c4-4deb-a1fb-202f4d4f6441;TRADEPARTNER_WEBSHOP_TEOSOONSENG;AU;655cfe46-c0c4-4deb-a1fb-202f4d4f6441;true;20161127 19:18:33;20161224 07:18:33;onto;11fde906-9db4-415d-a320-a1063b801698;514c2415-ba9c-4160-bd5a-63eb60b6ca2c;04a7e651-783c-44c7-ac81-4245b3ebc568;fall program;1.93;AUD;;87;1542205922011
ceacfc6b-9fea-460b-a876-162d570dbef6;TRADEPARTNER_WEBSHOP_TEOSOONSENG;EG;ceacfc6b-9fea-460b-a876-162d570dbef6;true;20170209 23:49:42;20170209 11:49:42;منعطف أو دور هاتف;f1b68b35-ba2b-4a1b-8398-0fc12c5c5cf5;96e5e3ac-682d-4228-b365-780f9113db66;bc6b46b8-f75b-48d0-bd87-cf5db84791d9;اثنان التالى نصف;0.14;EGP;;88;1542205922011
06cef79c-f691-4171-a41e-bad1bf7cf1fc;TRADEPARTNER_WEBSHOP_TEOSOONSENG;KY;06cef79c-f691-4171-a41e-bad1bf7cf1fc;false;20160405 06:10:03;20160421 06:10:03;safe;11b7633e-43ff-4967-8b09-a3854429d858;5dcd9e83-4298-4944-a977-941739508b3c;ce56e1f9-1bd8-43a2-8a3b-d7f0b6d9d6e8;director effort;16.80;KYD;;89;1542205922011
0ae4cf16-4964-47c5-a7ee-63a128fa85cf;TRADEPARTNER_WEBSHOP_TEOSOONSENG;CR;0ae4cf16-4964-47c5-a7ee-63a128fa85cf;true;20160425 07:56:58;20160518 07:56:58;información;5b9a016a-cd1a-4c8f-98ae-6c4f08bb5fc5;f3ac571c-9673-4409-aa17-538eb78825be;37cf5702-1459-4a93-926b-6c8d86d2a56b;profesional;25.36;CRC;;90;1542205922011
c7c17df7-2320-4db3-9123-ff519cbe278b;TRADEPARTNER_WEBSHOP_TEOSOONSENG;GD;c7c17df7-2320-4db3-9123-ff519cbe278b;false;20170127 05:58:28;20170224 05:58:28;prove painting;9a67b452-f72c-46a9-a8ad-89e2845a78ac;469c8dc5-f5ae-4209-b3fc-40ace97660fd;36c27e42-7374-412d-ad26-dfa9e6211d6f;push;12.14;XCD;;91;1542205922011
dcc03bc4-a513-4596-940b-f82a78ee164b;TRADEPARTNER_WEBSHOP_TEOSOONSENG;AF;dcc03bc4-a513-4596-940b-f82a78ee164b;true;20170723 17:28:58;20170811 05:28:58;عمل;adef89cd-f9e4-4904-b981-9992323727a1;9476b01b-8a6a-4a0d-8b4c-1d4a7c4b044e;8e1d794f-fb79-4abd-85bd-1e46a149a150;کسانی که;1.52;AFN;;92;1542205922011
1fb76d7d-b180-42a4-b7c8-503ea95dedda;TRADEPARTNER_WEBSHOP_TEOSOONSENG;MD;1fb76d7d-b180-42a4-b7c8-503ea95dedda;true;20171109 02:54:50;20171112 02:54:50;căsătorie proteja;4a2bdf07-91be-42ea-8afd-c8fccd78d8a8;f3e2fb0c-8c19-4bf1-85bd-9b4306d6ab56;99b35736-4f72-4d2e-afc8-a9ef0cc0e29a;aceasta realitate ar;4.34;MDL;;93;1542205922011
d189b8de-8b33-49e1-996f-4ceb8d234984;TRADEPARTNER_WEBSHOP_TEOSOONSENG;ET;d189b8de-8b33-49e1-996f-4ceb8d234984;false;20171211 09:59:00;20171222 09:59:00;ቀለም ቤተ ክርስቲያን ተናገር;aac52f80-e5c5-48cc-bc14-22042bf082d2;a8a24499-7e57-4e23-a7f4-c130f36fa413;7f70cd42-95c9-44c1-bd18-63503f66345a;ታች ሞቷል ማህበረሰብ;1.15;ETB;;94;1542205922011
55d09a81-70ed-42ef-b716-c99c06dae732;TRADEPARTNER_WEBSHOP_TEOSOONSENG;TN;55d09a81-70ed-42ef-b716-c99c06dae732;true;20160808 00:02:39;20160811 12:02:39;الجميع;89937a8e-d9ce-47d9-bc9e-dafeaa113bb8;50420a90-a76a-41b2-9b7e-f5f9c94f9e09;9f713373-4666-4027-a2e0-520693ccf075;الكل رأي;17.46;TND;;95;1542205922011
fdb7e0b4-d16d-4436-bb24-a1464c83cf97;TRADEPARTNER_WEBSHOP_TEOSOONSENG;CD;fdb7e0b4-d16d-4436-bb24-a1464c83cf97;true;20161114 18:02:06;20161128 06:02:06;Payer;7af6c1ec-a9a5-4e25-9729-8eee64f55f90;f66a2791-abe8-4994-8e83-a10647b4676c;9fee4b9e-9d56-49b0-a7d9-ba990f67d798;mensonge magazine cuisine;5.40;CDF;;96;1542205922011
64994113-81f6-44e0-943d-968f99eae4e3;TRADEPARTNER_WEBSHOP_TEOSOONSENG;AQ;64994113-81f6-44e0-943d-968f99eae4e3;false;20161203 05:40:46;20161211 05:40:46;determine;4f8bbf26-9caf-47aa-90a5-75145b426bb2;9671fb40-98b0-4955-8581-edd3d5e029e8;cf9ce6d7-7f2b-4ee1-85b7-781bfac2225c;often realize;0.52;USD;;97;1542205922011
2b500201-2ced-4211-8ef2-69f6d8ac9a5f;TRADEPARTNER_WEBSHOP_TEOSOONSENG;FK;2b500201-2ced-4211-8ef2-69f6d8ac9a5f;true;20160908 06:19:11;20160928 06:19:11;body;831ac51c-1d87-4440-8865-6d091e28efa6;fd2a8a32-2b31-40b1-8eb9-420d665931dd;2656a025-ddd6-435e-abd9-eccb8bc6e829;see indicate I;2.06;USD;;98;1542205922011
c20a8878-f97d-4e4f-87d9-84303f397591;TRADEPARTNER_WEBSHOP_TEOSOONSENG;OM;c20a8878-f97d-4e4f-87d9-84303f397591;true;20160725 07:30:58;20160727 07:30:58;حقيبة رعاية;4d30b6f3-e7ce-4cfa-a97d-be8712a49016;a93dd124-4a0b-4ae2-a6c0-de025774fb2b;2de13b05-9da8-47ca-8e1c-1253ec1cc38a;غالبا الفراغ تسلم;18.02;OMR;;99;1542205922011
3decd331-76c4-4be2-91ed-6d6def2db535;TRADEPARTNER_WEBSHOP_TEOSOONSENG;RU;3decd331-76c4-4be2-91ed-6d6def2db535;false;20171001 04:52:34;20171015 04:52:34;состав сказать;14d02cfc-2716-41a8-9202-6752daa798dc;1119db36-b70d-4c22-8c57-57f414a48c58;f1a4fbfd-099f-44e7-b8e3-aeff95d1364a;важный компьютер ни;3.43;RUB;;100;1542205922011